{"version": "2.0.0rc4.dev19+ged818cb.d20220404", "architecture": "pynini", "train_date": "2022-06-02 12:29:13.266247", "phones": ["b", "d", "d\u0291", "e", "e\u02d0", "h", "i", "i\u02d0", "j", "k", "k\u02b0", "k\u031a", "k\u0348", "m", "n", "o", "o\u02d0", "p", "p\u02b0", "p\u031a", "p\u0348", "s", "s\u02b0", "s\u0348", "t", "t\u0255", "t\u0255\u02b0", "t\u0255\u0348", "t\u02b0", "t\u031a", "t\u0348", "u", "u\u02d0", "w", "x", "\u00e7", "\u014b", "\u0250", "\u0255\u02b0", "\u0255\u0348", "\u025b", "\u025b\u02d0", "\u0261", "\u0263", "\u0265", "\u0266", "\u0268", "\u0268\u02d0", "\u026d", "\u0270", "\u0272", "\u0278", "\u027e", "\u028c", "\u028c\u02d0", "\u028e", "\u029d", "\u03b2"], "graphemes": ["\u3163", "\u3137", "\u3159", "\u3157", "\u3140", "\u3142", "\u314c", "\u3146", "\u3152", "\u315e", "\u3154", "\u313b", "\u3133", "\u3139", "\u315c", "\u11af", "\u3158", "\u3132", "\u3134", "\u313e", "\u3138", "\u315b", "\u11b8", "\u3145", "\u3148", "\u3141", "\u3151", "\u3131", "\u3156", "\u315a", "\u314f", "\u314a", "\u3150", "\u3153", "\u313f", "\u3161", "\u314b", "\u3135", "\u315f", "\u313d", "\u3160", "\u3149", "\u119c", "\u314e", "\u3143", "\u313c", "\u3147", "\u3136", "\u3155", "\u11ab", "\u315d", "\u3144", "\u3162", "\u314d", "\u313a"], "evaluation": {"num_words": 5519, "word_error_rate": 3.1889835115057075, "phone_error_rate": 0.2437559614229696}, "training": {"num_words": 49671, "num_graphemes": 55, "num_phones": 58}}